p.value	R.squared
AACS	1.90468285983592e-34	0.913425661865875
ABCA7	1.42770063186896e-13	0.776198350272512
ABCC6	8.93534773274524e-14	0.808759678997552
ABCG4	2.64056513825876e-15	0.761170783545486
ABHD3	6.24505554600366e-12	0.77088284426134
ABR	8.8319529560079e-18	0.836860870340572
ACACA	6.51591427061156e-29	0.902258833662745
ACAD10	1.37771286067187e-16	0.809337930273056
ACADL	8.74227536696115e-09	0.732854299934019
ACADM	1.89201909537237e-10	0.725747054065064
ACAP1	6.72997070368225e-12	0.765204619209514
ACAP3	1.38291642327209e-14	0.793579498058142
ACAT1	1.10256523108756e-11	0.730788347524362
ACAT2	1.78861651405144e-16	0.810317490770938
ACCS	3.571141007207e-09	0.725924428320253
ACKR1	5.90583076022882e-10	0.714279409783394
ACLY	1.73918645171915e-19	0.854859508486827
ACO1	4.36226065365541e-25	0.872016136869098
ACO2	2.46741131405359e-23	0.873076905040647
ACOX1	6.69605895781044e-21	0.854430973722409
ACSL1	5.68696829219809e-48	0.924462281226919
ACSM5	3.96424068905682e-14	0.798129938548275
ACSS2	1.27062939227965e-26	0.888128319534322
ACSS3	2.41560305750199e-13	0.757691314252812
ACTG1	7.35774091143016e-10	0.725300146746344
ACTR1A	5.82827298903068e-11	0.740417644227906
ADAL	1.45071081644996e-39	0.918734396986295
ADAM9	2.15372812501654e-18	0.829303704445097
ADAMTS2	2.5097807929569e-20	0.824358892639023
ADAMTS3	4.16310241426587e-13	0.780722770844281
ADCYAP1R1	1.12529721126239e-15	0.766677043855331
ADI1	8.97047595930906e-15	0.806946193067477
ADK	3.75981814714227e-17	0.829722315319015
ADSL	1.72094664061117e-09	0.712803702370325
AGL	1.97912419737514e-12	0.766909560613354
AGPAT1	9.38230445167881e-11	0.700340051654234
AGPAT2	7.32046258802501e-09	0.721143016191223
AHRR	1.49456964706981e-26	0.898422551681553
AHSP	2.99992521946104e-18	0.840293345197946
AIFM1	5.4091333266477e-14	0.791590874336163
AK2	3.67300181476192e-20	0.857610112620554
AK6	2.31204423500771e-10	0.71751006682774
AK7	8.55012212223297e-25	0.890864043598349
AKAP12	2.99839680490357e-08	0.701675017816303
AKR1B1	7.29513936679114e-12	0.77625392084773
AKT2	6.6951589872807e-18	0.832262113873022
ALAD	3.28679539400785e-12	0.778891239823799
ALDH16A1	5.63461903979371e-17	0.817924480920066
ALDH1L1	4.36799636316953e-23	0.853166500122269
ALDH1L2	2.11433683918167e-08	0.759298529945862
ALDH4A1	1.64870065575679e-17	0.842993351028727
ALDH6A1	1.19310665893238e-15	0.809738366627401
ALDOA	6.12302511881651e-14	0.785934768217605
ALG14	1.42617638838745e-10	0.709359973107516
ALG9	4.82576018359868e-13	0.746310708912288
ALKBH4	3.89567432137325e-13	0.7836770331731
ALKBH7	4.18788615820994e-10	0.705595370209735
AMFR	4.7157271695941e-13	0.769175511860665
ANAPC1	1.88168624769845e-16	0.842794105089956
ANAPC16	5.52670387759955e-11	0.763852951513965
ANGPTL4	7.7207597360141e-12	0.728302859326412
ANKRD39	1.01297049892567e-10	0.778013852592447
ANKRD44	1.73922359980589e-10	0.736990162824795
ANKRD46	1.3164897880014e-13	0.808983343551241
ANKRD9	3.54950012035734e-18	0.855558077691829
ANXA6	1.23101699369977e-12	0.776504642006461
AP1B1	7.45607058727218e-13	0.777688490957514
AP2S1	1.71009971488967e-10	0.759641742874378
AP3B2	7.73170986552728e-13	0.74130945598555
APEX1	4.11767847869176e-10	0.719270378131883
APMAP	8.42139213498887e-10	0.717987892288122
APOL6	4.42593993069983e-35	0.911471603754011
APOO	2.56753911083125e-16	0.808088880376212
APPBP2	1.31131169541918e-13	0.785486679701542
APPL1	5.97042929292047e-10	0.718991614871861
APPL2	3.10120261771665e-12	0.78945254025692
ARFGAP2	3.93633480243999e-10	0.717317240492846
ARHGAP31	8.37998100725285e-13	0.770931615057055
ARHGEF40	2.4055568784867e-09	0.728673806431985
ARMC5	4.08387615901807e-08	0.707403921354565
ARNT_CTSK	1.85035544979892e-12	0.759051836021183
ARPC1A	2.56759620025922e-10	0.729784584601432
ARPP19	4.61762074635771e-11	0.771540335635243
ASAH1	9.36274277369168e-13	0.788230540670544
ASIC4	7.50458397680207e-12	0.742619036355894
ASNA1	1.04079853240283e-17	0.833349695191356
ATAD1	6.20667887107215e-09	0.721009318462866
ATF1	1.10340690706216e-16	0.814731890007029
ATF4	2.11207905239317e-12	0.775491054083395
ATF6	2.09575044247909e-13	0.789118396207272
ATL3	3.19618768061862e-11	0.742778680128895
ATP2B2	1.28666646888412e-14	0.784619818760874
ATP5F1A	2.27107009770279e-22	0.875438818649077
ATP5F1B	6.52424091927536e-18	0.84419742663145
ATP5F1C	6.11301243741301e-24	0.873041055447158
ATP5F1D	3.80397700603673e-20	0.858816607585031
ATP5F1E	9.24563764446354e-14	0.777888462059715
ATP5MC1	1.00713631488848e-07	0.709853948378592
ATP5MC3	1.04833803586188e-15	0.808985166120368
ATP5MF	2.13126770532655e-12	0.790221040954522
ATP5MG	8.65009221407607e-16	0.822761798688725
ATP5MPL	9.31710423074764e-10	0.72429152190612
ATP5PB	6.04577255849809e-11	0.754055340026011
ATP5PD	2.06996217162885e-14	0.802881190018678
ATP5PO	8.18593769042351e-15	0.816158184019787
ATP6	2.48026637717682e-26	0.876323646920306
ATP6AP1	8.95036847312612e-17	0.81957339000123
ATP6V0A1	3.29494138078601e-13	0.776176709366717
ATP6V0B	1.26244090845621e-15	0.80580870039628
ATP6V0D1	2.06127442125182e-45	0.930363369071145
ATPAF2	1.68209504550202e-32	0.903631834199077
ATR	5.14300187960892e-19	0.856111859688296
AURKAIP1	6.00732223391665e-14	0.797441468567302
BAP1	1.11621086817099e-07	0.700125115338763
BCAP31	1.20812169204448e-10	0.742535244641983
BCKDHA	1.25540691868927e-11	0.76672689438623
BCL2	9.83020210076202e-09	0.713486962660867
BCL2L11	5.49239110690676e-12	0.75839274274731
BCL2L13	2.99619687209148e-17	0.819402398353426
BLMH	7.0064521404225e-21	0.861224461048647
BLVRB	4.61638550084607e-09	0.705033296200776
BMI1	1.08053039815627e-08	0.722420250934302
BOLA3	3.69372844952508e-08	0.717104771213519
BRI3BP	1.14551606562795e-22	0.864159627600342
BTF3L4	1.32565493771655e-22	0.862064397076615
C1QBP	7.88970958462452e-18	0.832582966123135
C1QTNF4	4.25649506907834e-13	0.752293215364016
C1QTNF7	9.0105685907966e-18	0.846989930406472
CABCOCO1	2.72487338340346e-08	0.716761514398651
CACFD1	5.64083696532097e-14	0.78963453551429
CACNA2D1	9.42128995843753e-16	0.80996683622259
CALM2	2.14876052254322e-13	0.80647570811897
CAMKMT	6.7075757485334e-09	0.722028041494609
CAPN6	4.8156075601716e-12	0.781464599941527
CARNMT1	1.63794981197958e-12	0.753125153317819
CASC4	2.22708776241969e-22	0.865618125266761
CAVIN2	2.36969098612714e-13	0.798054041075772
CCDC112	1.31821501300171e-23	0.865716782108065
CCDC12	3.13170192688656e-10	0.736713616157291
CCDC167	1.21201675497606e-11	0.762771612054355
CCDC32	2.06708533401313e-20	0.848763469265862
CCDC9B	2.9866745932576e-13	0.800685946664794
CCNB1IP1	4.42392696593086e-11	0.726782026207128
CCNI	7.41106239813481e-11	0.767492197516367
CCT2	1.98530030816885e-13	0.773452144073753
CCT3	6.4658907316247e-21	0.856263534461889
CCT4	6.96495831881198e-17	0.821706028212608
CCT6A	7.59886178358896e-22	0.851962749086888
CCT7	1.92996995487997e-10	0.729892839749205
CCT8	3.23245165371768e-12	0.762416030016193
CD207	3.09210290938741e-11	0.708357701178749
CD59	8.45070919147981e-51	0.933671264984901
CDC14A	1.39766638376523e-10	0.733609326057823
CDC5L	2.16264219361293e-12	0.793595484085983
CDHR4	6.62872459141438e-14	0.799240077128648
CDK5	1.73484398432687e-11	0.754052016821141
CDKN1A	4.12549870751208e-19	0.839417616773737
CDKN2AIPNL	3.20026885882836e-08	0.709161598474921
CEBPG	1.56162932488358e-17	0.828835075673684
CELSR3	5.00934202288918e-09	0.717077401700148
CENPF	2.13074194178459e-09	0.704212231756107
CEP170B	1.8938735587655e-11	0.760862007405705
CERS6	2.7950678211476e-08	0.714627229138416
CFH	6.76420414812322e-10	0.719545250116712
CGREF1	3.29468402197385e-11	0.751544173751409
CHAF1A	1.30424546601238e-13	0.814740356685879
CHAF1B	5.9359323977355e-09	0.714692104163046
CHCHD1	1.13809856608333e-11	0.762656809399896
CHCHD10	6.72139305926905e-15	0.804909294781395
CHCHD2	2.34460700048423e-13	0.785654368286277
CHD2	2.25753873172021e-09	0.706981192867275
CHMP2A	6.61924961909289e-12	0.758394428322079
CHMP4A	6.32983578736843e-19	0.842486877326319
CHODL	4.74067056724787e-14	0.777931019050467
CHPF2	1.5951404359614e-13	0.799317581384118
CHRM4	3.55736720067577e-13	0.783537726514403
CHRNE	2.99622473140212e-10	0.709786214286941
CIDEA	1.23158731602971e-09	0.741443981319745
CILP	3.34771370184074e-14	0.791686288473592
CISD1	9.96189755906999e-15	0.800001167088531
CISD2	1.41573302575493e-08	0.706345842004284
CKMT1B	1.9228989784306e-19	0.825645763785722
CLCN1	2.99466303204407e-24	0.866258424132864
CLIC5	1.87773062840323e-11	0.76955483103224
CLMP	5.18794453983391e-12	0.741741838455287
CLN6	6.25956824475809e-18	0.827798080054716
CLNS1A	5.92538771779833e-10	0.718121546577486
CLTC	2.01403368630194e-10	0.728423022657269
CLUH	2.40660233174293e-16	0.831813094764924
CMBL	3.0481227770739e-17	0.825598029340896
CNBP	1.48700071362536e-25	0.87968913950399
COL15A1	1.08341514043878e-19	0.822079770406222
COL1A1	9.90557683540313e-12	0.733771139318767
COL1A2	1.99384854762851e-18	0.834739323384809
COL3A1	6.70256890585123e-30	0.886816461880619
COL4A1	1.1828300547955e-22	0.860407826731314
COL5A1	1.01394508569854e-09	0.734958805759964
COL5A2	1.32506597477671e-12	0.748231518234586
COL5A3	3.02830089847824e-24	0.851638927849587
COL6A1	8.38380733328536e-09	0.700385632110371
COL6A2	1.28198650023083e-10	0.751870635213774
COL6A5	2.67141697497883e-08	0.723398954843404
COL6A6	2.95324533366651e-19	0.82298679002719
COMMD5	2.65348018260002e-11	0.74865690202856
COMMD7	4.31036338624996e-10	0.724850010339513
COMMD9	2.00961983991202e-15	0.806208215971156
COPS2	8.93772209370933e-14	0.807818276362158
COPS5	4.09412342730059e-12	0.770356094872049
COQ2	3.75419556211531e-22	0.856380914369676
COQ9	1.69764660475885e-22	0.860565495876077
CORO2A	1.72527100342652e-11	0.72020973257988
COX1	6.49754905166533e-17	0.825306772107477
COX2	8.08498656669513e-15	0.786230342699232
COX3	6.68361793611775e-18	0.826444246520504
CP	2.1010876219323e-11	0.756820400357293
CPT2	2.95957645398535e-14	0.786767871525769
CRADD	8.23689194823931e-08	0.704691473939178
CRIM1	8.21881188825639e-11	0.766552109350197
CS	1.63307697522407e-22	0.85810881875616
CSAD	9.40136930084636e-17	0.821568091569646
CSDE1	1.39121326920709e-12	0.788680492533292
CSNK1A1	5.69895664419199e-13	0.77242366534817
CSNK2A1	4.4085004521514e-14	0.790821484178374
CTC1	1.51353921303268e-14	0.806412371841481
CUNH11orf54	4.23316324134918e-12	0.743797484219867
CUNH19orf70	1.12654839353402e-09	0.724753342775525
CUNH1orf216	6.57040071554741e-10	0.722808277538672
CUNH1orf43	1.8495509368172e-09	0.718217020486582
CUNH5orf63	8.68481109191225e-15	0.77892481501215
CUNH9orf153	4.77196423681431e-11	0.7379096383911
CUNH9orf16	2.56212622045253e-20	0.844646780676469
DAG1	3.53154924400526e-09	0.702567051789051
DBT	1.39779541814542e-25	0.878194614913475
DCST1	1.49977748202121e-15	0.770724064684296
DDX42	2.05086074387489e-09	0.701353082879106
DEPDC5	1.60327845923478e-13	0.784905423369027
DERL1	8.02836393362285e-16	0.808338614762274
DGAT2	3.90497195051633e-15	0.758986801799951
DGLUCY	1.38699845088046e-09	0.739061067762944
DGUOK	3.21719076450742e-13	0.774950608851176
DHCR24	1.0841531275041e-07	0.726079733246216
DHCR7	9.81048275744808e-15	0.796417380289364
DHX29	1.67836059467883e-12	0.795920512809636
DIRC2	1.98822522129396e-12	0.787465996308671
DIS3L	2.72213079524812e-09	0.704440994781079
DLAT	4.30438238595894e-33	0.900804952314239
DLC1	2.80188001917664e-19	0.849916796060615
DLD	1.95924552497107e-14	0.812237905419047
DNA2	2.72371833649822e-18	0.836725348659422
DNAH11	8.40492289519827e-09	0.717209317328404
DNAH6	9.48764968127232e-11	0.744966737441716
DNHD1	6.94149439937828e-18	0.846356333795737
DNM1L	9.30582742070235e-49	0.935139961037244
DPCD	1.18327277078413e-09	0.713392065523655
DPP3	6.25788667140268e-09	0.709650185188039
DUSP22	4.01268212895953e-12	0.73176501609929
EBP	2.86829126644176e-13	0.797986531175946
ECHDC1	1.74135784501119e-69	0.95675769214248
ECHS1	1.13882928343503e-10	0.745954300832717
ECI2	5.6371939444367e-13	0.77303595248397
ECM2	8.1488653653659e-12	0.792932410919008
ECSIT	7.75884276162644e-19	0.84034816526923
EDA2R	4.14559459954223e-21	0.859169588114036
EEF1A1	7.82681155606351e-11	0.750267690218795
EHD1	2.71494783171881e-12	0.785684096075063
EHD2	5.24472465159402e-20	0.846130278654456
EIF2AK1	9.12340611457905e-10	0.73611055644458
EIF3D	1.73528499374792e-10	0.753706556305742
EIF3E	8.81416827693592e-13	0.798186522754388
EIF3I	6.55769972794841e-15	0.797809828851497
EIF3L	2.38676733812986e-23	0.877412445928071
EIF3M	4.50345922865373e-08	0.701813459244172
EIF4A1	9.71302938223747e-26	0.882409967493675
EIF4G1	9.17565887709613e-11	0.738827392616247
EIF4H	2.58730794124855e-24	0.884915506278365
ELOVL5	8.23077355890357e-14	0.818372552235798
ELOVL6	5.86767923999154e-35	0.898427571179794
ELP2	7.48099881436775e-10	0.715594468057096
EMC2	1.81009932989895e-13	0.776980820608736
EMC3	2.20903937053364e-27	0.888263937659843
ENDOG	1.10856376009754e-17	0.841268361756551
ENO1	1.67234470034398e-10	0.761100677356381
ENPP2	1.73136644729138e-17	0.831264994532616
ENPP4	1.68765753891257e-08	0.707836064804938
EPOR	3.31932555136815e-17	0.810981585306298
EPRS	5.23404306802519e-14	0.784256844032535
ETFA	8.32841089216879e-13	0.76658606062111
ETFRF1	1.99202487679341e-14	0.769188288794454
EXO5	3.38656049752943e-08	0.708926442266305
EXOC4	8.5104248874182e-12	0.750634275303515
EYS	3.6597086048963e-11	0.716243026056779
EZH2	3.33698922364012e-09	0.716482264536219
F11R	2.32989993557515e-14	0.807835475986001
F5	6.3677874742917e-10	0.711825025678197
FABP3	6.88684448484321e-10	0.770815998082367
FABP5	9.04848242045353e-16	0.798805909667129
FADS1	1.40455018627816e-43	0.923038558001215
FADS2	1.85846747235258e-23	0.87599509074498
FAH	6.54766306242976e-26	0.882393733991772
FAHD1	9.22361557796084e-11	0.729582470646073
FAM162A	5.7524697853441e-12	0.758113579611006
FAM186B	4.20759577209165e-20	0.852517926506552
FAM220A	6.38308804231443e-11	0.739582681413819
FAM229A	2.1388456228136e-24	0.874699937483979
FAM3B	1.45976962902633e-12	0.750937921758118
FAM76B	2.22649082179642e-10	0.734758614417547
FAM83A	6.2319061314996e-17	0.829764609873246
FAM8A1	6.03029211209208e-10	0.720061838084185
FARS2	5.90571765830116e-24	0.881939718246681
FASN	5.16693021453647e-20	0.846406332375873
FASTKD3	1.21790910593044e-10	0.727473668413573
FBLL1	9.47821087964627e-11	0.763065953547039
FBXL2	1.06905647927348e-11	0.760276591307216
FBXO22	1.01251721819768e-10	0.721624821402896
FDPS	4.24585459771977e-24	0.876005001228271
FDX1	9.38283610326078e-11	0.718018118505322
FEZ2	2.59234300033559e-13	0.775568692585607
FFAR4	2.61970462634185e-11	0.753226284613617
FGFBP1	1.6805305891427e-17	0.791892418569236
FGL2	1.27696715070877e-12	0.7505622669814
FIBIN	1.40061020998135e-07	0.70484843096008
FIBP	3.71022163266374e-12	0.766188271358724
FKBP3	8.89537851530417e-15	0.790617021074445
FKBP4	1.71226919099562e-13	0.782644998301895
FKRP	1.86339837891201e-11	0.750315619651943
FLAD1	6.46765978290666e-11	0.782784175612074
FLVCR2	1.44452072990136e-08	0.727078097276641
FNBP1	6.99234514003896e-08	0.704840550209635
FNDC7	7.66826350730896e-12	0.795290801832573
FOCAD	1.7263811677232e-10	0.733664909071494
FUNDC2	5.5725870536649e-32	0.901865139179538
FUOM	3.26328098814193e-10	0.72974899756002
FXR1	1.29860111898108e-11	0.769673310035477
G6PD	4.98009287734611e-38	0.924875457111125
GANAB	1.24397150630569e-12	0.763832660684026
GATD3A	1.09131677635341e-11	0.790563370853533
GCA	2.60226173676329e-23	0.873920657836991
GCDH	1.77979748506981e-14	0.796864018878649
GCK	2.01357329966634e-37	0.923777357323843
GCSH	8.50532685978328e-27	0.859052950998227
GEN1	2.68343831906205e-10	0.7222582633888
GFM1	1.08609011252531e-20	0.866703801786017
GFOD2	4.81255132051317e-09	0.712628480867173
GGCX	4.00165241336621e-14	0.814732308921268
GGPS1	1.95265466041243e-17	0.818313153574086
GHITM	7.06059552340239e-10	0.72230303480196
GINM1	7.42692687874473e-12	0.737089001168878
GLB1	2.093822243628e-09	0.704074426674476
GLDN	9.69607537243808e-31	0.898343861496673
GLTP	1.83913626841875e-13	0.783875137979553
GLUL	1.68079593609087e-25	0.874361660440688
GLYCTK	5.56362806132926e-11	0.716185308772065
GM2A	5.71909608958319e-19	0.835555694001149
GMNN	2.16068420283059e-12	0.757643541388373
GNG14	8.78586100911837e-51	0.935296152552257
GNPAT	7.62270632791669e-16	0.805758911458758
GOLGA1	1.52374397600176e-14	0.824095197002283
GOLIM4	1.63420016215047e-09	0.703584720211821
GOT2	1.14522109885071e-12	0.800281838980313
GP1BB	6.05124208772546e-22	0.862434914465424
GPAM	4.18145385771835e-12	0.768368810510972
GPAT3	9.61789292430961e-13	0.748478158439188
GPD1	2.844028379263e-09	0.717456584448311
GPR75	3.8783348948493e-14	0.776592366127462
GPT	2.98468946664625e-09	0.772495403451529
GPX4	2.5726504503353e-13	0.78424346364355
GPX7	7.42962471599753e-11	0.722365835832287
GPX8	3.63760980556428e-12	0.74447610835994
GRB14	3.06592189192898e-09	0.703227200452603
GRHPR	1.26740226503693e-13	0.800721838019158
GRM2	2.90005024276364e-16	0.75861445962688
GSPT1	1.64394680090845e-13	0.801113879663244
GSTCD	5.84852978578365e-10	0.715327205187585
GSTZ1	2.40567531540956e-13	0.781982399903766
GTF2IRD1	4.50994396161608e-09	0.730640882501253
GTPBP10	4.29141755925094e-13	0.779521870602447
GUCY2C	3.29642638914177e-11	0.73121874474142
GYPC	5.2081075783513e-11	0.744951466026026
GZMK	1.37894065351703e-10	0.735301336438216
HADH	1.22891586584819e-27	0.892767094523652
HADHA	6.61705828946889e-14	0.784088618906095
HADHB	7.46553123848232e-17	0.821221778032681
HAGH	5.9008261171353e-13	0.763876452225907
HAX1	1.21409159548758e-16	0.824814092237148
HBP1	3.23976603791326e-17	0.826029654691467
HES6	5.42517059798375e-09	0.723412862090287
HEXA	3.43241665068674e-09	0.700894389048552
HHIP	1.27850458376561e-15	0.788868208576126
HIBCH	1.88652335925063e-14	0.79808518789979
HM13	2.129191495511e-11	0.747369155164657
HMBS	6.92258094245411e-14	0.801615456246216
HMCN2	8.69862365885927e-10	0.753734967085722
HNRNPA1	3.83771994580394e-11	0.781776824929005
HNRNPDL	1.61912240133538e-10	0.726903915484796
HRC	2.62880110248128e-19	0.807264429948251
HSD17B10	5.85614264921041e-28	0.88840919295914
HSD17B12	4.82830026435409e-33	0.899085765406139
HSD17B4	4.21817439018701e-10	0.754921940312851
HSD17B6	3.14652331766573e-12	0.761234414375165
HSP90AB1	6.97351998287485e-10	0.711760470657123
HSPA12A	2.61122026547313e-13	0.765679259690582
HSPA4	1.45317175855466e-16	0.816027418425674
HSPA9	2.30848084635937e-08	0.706668078466235
HSPD1	3.61219109856946e-18	0.818158250132242
HSPG2	4.72746386565373e-10	0.732530085193792
HYPK_SERF2	9.37901445999918e-10	0.714751083585767
IBA57	5.2307931189122e-11	0.774518982888194
IDH2	6.56962367450283e-24	0.883062044637185
IDH3A	1.79762048575853e-10	0.726537291206845
IDH3B	3.56643598942207e-15	0.816324085096123
IDH3G	1.20965126663334e-21	0.867768332932922
IDNK	1.30105233521654e-14	0.802182591692308
IFI44	1.04141869302433e-11	0.743137572778564
IGFBP7	5.27873182193101e-15	0.804311928758677
IGSF6	1.10049504196854e-08	0.703231010408773
IKZF2	1.07698500451775e-10	0.720900458464003
IL11RA	1.52975417183429e-09	0.748820234208537
IL17RC_CRELD1	2.14230061149082e-11	0.735955399726078
IL20RB	1.03759591634231e-09	0.721669943892197
IL3RA	2.23327096441745e-14	0.772823565610242
ILK	1.391488516426e-19	0.839201085302261
ILKAP	1.83065133080693e-09	0.709969200024542
IMMT	2.51355103850202e-19	0.84794381067054
INAFM1	2.21185129803577e-18	0.846834513543945
INSIG2	1.09429915030914e-08	0.718318525674137
IPO5	1.4646976034495e-09	0.728031233253467
IPO7	3.90312595272182e-21	0.869825464322526
IQSEC3	1.68154985849166e-13	0.803415982128677
IRAK3	5.85600416134356e-15	0.803418574868837
ISLR	3.50321881037796e-09	0.705790444355123
ISOC2	1.04535109498607e-34	0.910344116020759
ITFG1	8.82683320218922e-13	0.770946941061895
ITGA7	1.82632915756804e-21	0.851294817481474
ITGAV	1.18111473555667e-18	0.838562227394112
ITM2B	1.34006638530392e-11	0.748013267925085
ITPA	2.19289433278387e-09	0.70325424268675
JADE1	1.16342194123777e-10	0.728998432779514
KARS	5.36517787962433e-15	0.814565826147114
KAZALD1	1.1511363508913e-10	0.730396311981981
KCNMB4	1.11097969093194e-18	0.8354160109523
KCP	4.28993152637795e-25	0.890569385676201
KCTD2	2.97597960862138e-10	0.749998717334778
KDM3A	1.95299232269649e-11	0.746177855092253
KDM3B	3.99369569972955e-08	0.711467933415032
KEAP1	3.14927681843258e-09	0.700915772211674
KIAA0753	7.61000561271299e-09	0.717636680895131
KIAA2026	7.44663265771902e-17	0.819093706200011
KIF22	5.03863694920926e-14	0.791985236164816
KIF7	2.03984413546695e-10	0.738274663601783
KLB	6.2136536867814e-19	0.814488404749721
KPNB1	5.36871550946746e-12	0.79224973023909
KRT24	3.04305595453304e-14	0.795999293909108
KXD1	3.72073833990324e-22	0.867318415216666
L2HGDH	7.75678298313686e-11	0.72439300746256
LACTB	5.67799806164989e-10	0.710561393158871
LAMA2	2.13030331771075e-08	0.716769434221811
LAMA4	1.38953725419449e-15	0.813472392631662
LAMB2	1.0545551797237e-09	0.71835982459926
LAMB3	4.421932277157e-23	0.863084383874998
LAMC1	3.92952293476624e-15	0.828284545478428
LAMTOR5	1.32201140546062e-09	0.707216249243459
LANCL2	2.39664857170467e-14	0.795495093595598
LARGE1	1.65761227418616e-11	0.745207526617955
LARS2	8.06861548807001e-15	0.827994535442643
LBH	5.46470622448312e-09	0.739582990434292
LBP	2.15556395833478e-16	0.818235149159059
LDHB	2.05419761208134e-17	0.842764878474463
LGALS12	6.0765613457065e-34	0.909274418165992
LGI3	1.51459579922603e-28	0.894798760762929
LIPA	9.66446286279684e-12	0.773610146697409
LIPT2	7.31620151751163e-11	0.766992963758124
LMBRD1	1.08851257830923e-15	0.809597791445091
LMF1	6.05723383720529e-09	0.708048024329609
LOC113240701	1.93067736337872e-17	0.82396482999703
LOC113240981	2.65260137938013e-13	0.771180199691405
LOC113241099	2.50597916900351e-10	0.701361083355121
LOC113241107	1.34056266119786e-11	0.790974376633844
LOC113241519	3.74100607255349e-09	0.705979911461063
LOC113241657	4.97725811609819e-13	0.786927242083163
LOC113241784	1.50373726410851e-12	0.770666984058047
LOC113241827	1.10127192703202e-17	0.836373188212982
LOC113242144	1.13117775684663e-15	0.821504135525503
LOC113242347	8.67000380615042e-15	0.783546054006146
LOC113242552	1.27819460709674e-09	0.723370946950579
LOC113242741	4.08125325075369e-09	0.733241530363328
LOC113243118	3.09243202689067e-12	0.767850463764514
LOC113243250	2.74114660596099e-16	0.796681104848516
LOC113243251	4.871430123307e-16	0.808800190493786
LOC113243310	2.63790499544665e-11	0.718893458437182
LOC113243722	4.91025223393616e-09	0.713262298247075
LOC113243815	1.49775681294947e-15	0.810279647599869
LOC113243882	8.25925809234944e-14	0.808133145686973
LOC113243895	6.86030041331588e-11	0.714713466802464
LOC113244095	3.2886205189517e-15	0.789493625022531
LOC113244729	1.96745650987922e-10	0.723342448856133
LOC113244843	8.15856974078436e-09	0.752295431484447
LOC113245020	5.01732870397443e-11	0.747261607304546
LOC113245037	1.37613233674823e-17	0.8387052940605
LOC113245166	2.14366863558679e-10	0.725442990861402
LOC113245259	2.38570315144023e-12	0.769746253284666
LOC113245727	5.63250208050521e-11	0.758777531853752
LOC113246025	2.52425277287881e-19	0.831621190295627
LOC113246101	1.32550453661921e-11	0.753798277035321
LOC113246223	1.02262051429905e-38	0.920203752018891
LOC113246607	1.6430975454743e-11	0.776416289165171
LOC113246689	5.72211521515528e-09	0.739744512122856
LOC113246846	2.81947009388294e-18	0.835871756443359
LOC113247025	9.89781606293713e-15	0.757966441293702
LOC113247248	2.79146036864414e-13	0.815868137227546
LOC113247619	2.61185791528864e-18	0.843358889533667
LOC113247712	3.60863555086937e-10	0.735716515384988
LOC113247996_ZNF772	2.18378895340532e-16	0.82197377940982
LOC113248309	1.61068625693441e-14	0.795333389606304
LOC113248523	6.29605606019818e-11	0.73929340004185
LOC113248589	1.2839510041011e-15	0.820072820725958
LOC113248650	7.62000375743802e-16	0.793068723384131
LOC113248668	2.46804957478082e-12	0.788094624367261
LOC113248694	2.86294042257427e-14	0.811261026463853
LOC113248696	2.80023624703947e-09	0.747889189468667
LOC113249186	7.77199263188524e-10	0.709486538868961
LOC113249398	2.02590489914954e-11	0.72196137844107
LOC113249593	2.43291905181189e-34	0.914973782252215
LOC113249791	9.43742099429823e-12	0.735387014068777
LOC113249794	9.43742099429823e-12	0.735387014068777
LOC113249877	2.95409460820436e-10	0.712469758096275
LOC113249880	2.95409460820436e-10	0.712469758096275
LOC113249916	8.77407205325032e-11	0.724914520398576
LOC113250087	8.34214653342146e-12	0.782103922405378
LOC113250111	2.62968841068658e-11	0.779783112752089
LOC113250190	8.30029060979309e-15	0.801721557183859
LOC113250465	3.59392099574066e-17	0.81670417595868
LOC113250754	7.84771267314868e-16	0.810540107637687
LOC113250773	3.89110795645341e-10	0.70686928730222
LOC113251464	1.93761186450089e-09	0.716391664482591
LOC113251537	3.46404385105121e-13	0.739849470740989
LOC113251880	2.87171840666102e-24	0.859794005361774
LOC113251983	1.78988322820357e-43	0.931560607058719
LOC113251995	2.77556854728446e-14	0.773298135047211
LOC113252198	7.32858170050721e-15	0.810300367362688
LOC113252531	2.30744393604302e-11	0.757275565331087
LOC113252676	1.63957023799152e-09	0.716400306849208
LOC113252823	3.13367542876186e-12	0.758462483866184
LOC113252836	6.55505791073276e-10	0.72274276282544
LOC113252908	1.93410778616752e-10	0.72254619718984
LOC113253206	9.15508345674495e-16	0.800196014407046
LOC113253301	1.71920218586537e-17	0.795147836374358
LOC113253526	1.13071111485377e-20	0.869346609587691
LOC113253769	2.22661133034693e-17	0.816434018888551
LOC113254124	4.40355404558791e-09	0.735041112678475
LOC113254125	2.09387329377125e-11	0.764537421172012
LOC113254153	9.73191744350206e-08	0.706383918344592
LOC113254155	4.26581372380412e-11	0.774193970003166
LOC113254238	2.15871036262088e-26	0.867080561224079
LOC113254331	8.12607530435705e-15	0.826427792251671
LOC113254331_RNPC3	2.92385724129781e-13	0.777328974385428
LOC113254431	2.58778529984575e-13	0.725126973551813
LOC113254658	1.61286206434662e-10	0.758523165553307
LOC113254915	1.81379013740384e-14	0.818213497081678
LOC113254919	5.10293370900401e-09	0.714310239949329
LOC113255131	1.35023644053676e-14	0.808871375854687
LOC113255185	7.1496048497328e-12	0.747662172300774
LOC113255445	6.33869733074083e-18	0.831231476577852
LOC113255649	3.834987113211e-12	0.783784598106481
LOC113256006	4.46201820796861e-13	0.792309354958602
LOC113256238	4.79953569094599e-09	0.722996506386018
LOC113256263	1.33271734516562e-10	0.749827239410243
LOC113256842	9.07581287813759e-10	0.726127362967383
LOC113256978	8.63151981993886e-12	0.730064947291394
LOC113257214	1.67685680601883e-09	0.712628675406568
LOC113257657	9.36488803289409e-09	0.728136898473114
LOC113258015	1.31759075204083e-21	0.859744993626475
LOC113258025	1.3697729671392e-11	0.780450986064815
LOC113258393	2.44029729691598e-19	0.832260572132012
LOC113258503	3.6061188589602e-21	0.859597460943973
LOC113258505	2.18942796264194e-15	0.803701976841225
LOC113258509	9.46561471159928e-10	0.733480643608831
LOC113258537	4.39101469958775e-12	0.75357244417086
LOC113258593	1.67008129058005e-11	0.74417454540481
LOC113258768	2.06812888374499e-17	0.828675938277047
LOC113259008	2.91582672341151e-10	0.750437660841416
LOC113259010	9.47251120261307e-15	0.814325891702986
LOC113259265	2.02636867047535e-12	0.761598840600014
LOC113260031	1.63633718553602e-10	0.70927603194943
LOC113260041	9.66606853126396e-14	0.815572245905501
LOC113260114	7.75961566535250e-12	0.778009758464446
LOC113260612	6.33144568500766e-11	0.713711062030548
LOC113260887	3.23992289077831e-14	0.777596061442456
LOC113261698	8.44262438649403e-17	0.833739165705652
LOC113261724	3.79521417815336e-20	0.872852845887168
LOC113261790	1.06863011136771e-10	0.757743855312026
LOC113261891	5.19530046598659e-11	0.738400132824392
LOC113262000	1.12883824503373e-11	0.774775469263973
LOC113262262_ACSL1	1.43439325411439e-19	0.796303363723818
LOC113262292	9.06670891888043e-13	0.731944507691968
LOC113262636	1.15618392408645e-10	0.746394250577101
LOC113263118	2.74843179247785e-10	0.75230596617861
LOC113263287	5.26081065275382e-12	0.775227685705029
LOC113263294	1.26642586029151e-12	0.719772319583783
LOC113263732	8.01000260566063e-16	0.801379678491905
LOC113263782	2.21903895823806e-40	0.919618176747897
LOC113263985	1.1470526087965e-11	0.779439630072063
LOC113264001	7.78362794806798e-16	0.803353930116304
LOC113264107	1.17272476050696e-15	0.811783266516607
LOC113264194	6.93051856419827e-22	0.853348113231956
LOC113264269	2.07414736174976e-21	0.850781710435954
LOC113264270	1.01128722977798e-15	0.831192696417831
LOC113264283	1.06343989383513e-27	0.860780709104205
LOC113264284	7.12818797614978e-14	0.782166991444267
LOC113265126	7.54826438900311e-13	0.777816827122846
LOC113265160	9.72502775802354e-14	0.765838216725984
LOC113265304	3.34145191402312e-23	0.860327003734629
LOC113265397	2.11139680165281e-12	0.764162961676592
LOC113265403	1.11338411724962e-12	0.762350181968761
LOC113265479	7.82471594922391e-12	0.75230298155058
LOC113265494	2.99967327283695e-39	0.91847425466564
LOC113265643	2.25771909753744e-14	0.796509810548999
LOC113265899	5.98019574431064e-11	0.737713337691203
LOC113266110	1.14917235871716e-10	0.702641907488484
LOC113266127	5.61884664523214e-11	0.736686082130867
LOC113266220	2.0593916358539e-28	0.893397594909217
LOC113266361	4.42929153360551e-09	0.725021341086817
LOC113266504	2.30990176279929e-12	0.781488334424282
LOC113267262	3.10521659991132e-15	0.810824189040273
LOC113267373	1.6314014575383e-09	0.727433802486074
LOC113267549	3.85050484047429e-15	0.815762427253531
LOC113267572	1.65129463966559e-28	0.901174968737012
LOC113267642	5.33230863367273e-13	0.839926196927594
LOC113267880	4.924590416705e-15	0.76292008973919
LOC113267896	9.92066957534025e-11	0.720537715285854
LOC113268153	2.70502181871146e-29	0.890999995448353
LOC113268387	1.06274963076926e-19	0.856462782459141
LOC113268431	1.80127464258531e-14	0.772436673110108
LOC113268490	7.94699923888867e-16	0.802287141178923
LOC113268528	3.19423894995813e-13	0.792169290933978
LOC113268671	7.67579417520955e-09	0.736448037510796
LOC113268718	5.19279726513706e-13	0.776029686682071
LOC113269289	9.52874235087136e-13	0.753614280643554
LOC113269396	3.62523843868759e-16	0.765419005050875
LOC113269397	4.27219382744822e-13	0.787976664881916
LOC113269882	9.36119871826733e-21	0.848700100709923
LOC113270188	9.70223897951398e-09	0.720373527965154
LOC113270305	1.30911223150914e-16	0.811001994344157
LOC113270440	6.25492497287502e-14	0.781471653555635
LOC113270471	6.02600644013936e-11	0.747154415624379
LOC113270541	9.13255133485771e-10	0.748255802051969
LOC113270720	9.07596272487553e-14	0.812321937350719
LOC113270721	1.09783482808897e-14	0.821002748434302
LOC113270754	2.81030412859619e-12	0.773407332354523
LOC113270765	9.91060222801954e-11	0.760979973771573
LOC113271199	3.7054674976759e-14	0.799209236414224
LOC113271271	2.76185103565171e-14	0.792709918712608
LONP2	4.9070560026873e-11	0.741023875556156
LOXL3	2.91507907310566e-12	0.736558641192953
LPAR1	1.34392458817031e-10	0.712620737609726
LPAR4	7.2178201965317e-10	0.747149786537095
LPL	1.1268848891191e-12	0.772340468407545
LRP11	5.7598369712055e-12	0.766015141803038
LRPPRC	9.37018571146586e-12	0.747655476516685
LRRC17	8.98205887998868e-21	0.851403511636921
LRRC32	8.21804519443286e-08	0.707630506808703
LRRC3C	8.79804835902125e-11	0.743679217298091
LRRC8D	1.32895524223107e-11	0.764711808017277
LRRK2	8.07135244500134e-10	0.707244085174962
LSS	1.64052163352438e-12	0.786488957910284
LVRN	2.54384127218843e-09	0.708646637044531
MACROD1	1.06327608399641e-09	0.739414359175683
MADD	6.4219802215715e-10	0.73444194115392
MAFK	1.66430104961895e-11	0.774513974957929
MAN1A1	7.68411795254753e-09	0.718314178394818
MAN2B1	1.62266186332362e-12	0.767944644315624
MAP1LC3A	2.93572997416119e-18	0.833052203241826
MAP4K3	4.61048348551212e-09	0.703451509482972
MAPK1	6.45623669843371e-09	0.728069283295054
MAPRE3	1.42081681891813e-18	0.86081923827446
MARC1	3.8018507496904e-14	0.797596990579875
MARCKS	1.9427981515297e-11	0.756124134945403
MBOAT7	7.78507087311509e-22	0.872433874326321
MCCC1	1.0635177753462e-09	0.710815642338948
MCCC2	1.1730948635706e-13	0.795354576267195
MCRIP2	8.76687548341118e-15	0.813765097967997
MCU	2.89960106277044e-14	0.810470563256698
MDC1	4.64466836770831e-11	0.738799502825851
MDH1	3.66900533330497e-36	0.922252101223045
MDH2	3.30512468836531e-17	0.820908759904159
ME1	8.44243121440698e-11	0.757254547170546
MECR	5.22616317165967e-10	0.702877370029532
MED11	1.89260228011474e-13	0.787295351316434
MEF2A	5.2082355041761e-10	0.719173366289185
MESD	3.05455295570907e-10	0.727901752526568
METAP2	1.60378879189874e-09	0.728251445969438
METTL15	7.02760460512512e-12	0.758615303569607
METTL7B	1.20251895591521e-08	0.700169271971128
METTL9	5.26541325465617e-16	0.809981914708095
MFSD8	8.36631034455212e-15	0.774368125110289
MGST1	1.60894837444215e-18	0.845587930864146
MICU2	3.80985738864585e-14	0.780298148437027
MIEF1	7.48401025622538e-12	0.777648373100958
MIS18A	2.18278150003613e-10	0.739495587086936
MKI67	8.04614563570138e-10	0.701675862560712
MKKS	2.40177485804772e-13	0.749526377093577
MKNK2	9.20841655632338e-09	0.705407842396645
MLLT6	3.06849578605787e-11	0.750853162403836
MLX	4.9041869504874e-11	0.742353422800981
MLXIPL	5.33850453398172e-13	0.765186190595699
MMAB	7.30738926083311e-11	0.743793519247839
MME	3.05131316971513e-10	0.720553272500258
MMP15	3.58597797399418e-19	0.840916420036725
MMP23B	1.08731093150577e-20	0.854386148928342
MPC1	4.29806663584465e-19	0.848397909421443
MPC2	1.86462506688092e-15	0.805362055984562
MPDU1	5.13492438452631e-17	0.823277033086802
MPHOSPH8	3.98818130237604e-10	0.727159972946866
MPND	3.92941042900671e-12	0.775622556432486
MPST	5.14468268829651e-15	0.805469913259493
MRAS	2.16564635166043e-11	0.754577154968597
MRPL12	2.62020383275707e-11	0.768464595171977
MRPL16	1.88048495859204e-16	0.840873666066161
MRPL18	2.23656174839422e-10	0.753323542792043
MRPL19	5.74010834434331e-10	0.707608827984058
MRPL2	9.41241297380737e-11	0.738558282383635
MRPL20	1.774197637173e-28	0.894314613141676
MRPL21	6.92134082655146e-13	0.775376055737013
MRPL24	6.72706442366857e-14	0.772271676968304
MRPL27	3.50529204764531e-19	0.855488063463252
MRPL3	1.94121209299664e-11	0.747568416990206
MRPL34	8.40457248448611e-10	0.702697596535383
MRPL40	1.20943931397619e-14	0.80047821565072
MRPL45	9.16720146609138e-21	0.84706816088914
MRPL47	7.34534437252074e-11	0.704775230834176
MRPL48	1.20478086021364e-10	0.737191581273426
MRPL49	2.78583455780236e-10	0.725109543834876
MRPL57	2.00873758660894e-16	0.817229968095422
MRPL58	2.19650558819777e-25	0.877246251460729
MRPS11	2.4504017808346e-10	0.717155189725171
MRPS12	5.06514488842384e-10	0.719446594830768
MRPS28	8.73251518482727e-31	0.899348051405523
MRPS30	9.62941940658002e-26	0.872000903180391
MRPS36	1.12258595905906e-12	0.77076942750623
MRRF	3.58465306871587e-10	0.720135032812455
MSH3	1.12870006157748e-14	0.797515708117542
MSRA	4.1103386977646e-11	0.770756079403709
MSRB1	1.72405443321406e-35	0.903554037189559
MTCH2	1.85182952417664e-35	0.91147791392045
MTIF2	1.57724269766259e-12	0.750803176494272
MTUS1	6.05481501227873e-10	0.724187848211541
MTX1	7.83713042756357e-12	0.762316687334958
MUT	4.35442306874454e-21	0.854903236129246
MVD	8.27864915749683e-26	0.898220218129518
MVK	3.61136281143717e-19	0.857577773392256
MYCBP2	1.10838273952643e-11	0.761792318604366
MYLK3	4.55041284298804e-12	0.744431236236881
MYO19	3.16450665035797e-09	0.709863796825194
MYO1A	3.39558230983723e-11	0.761246227802961
MYORG	9.05991366582732e-73	0.958315313449771
MYSM1	2.86355397767281e-11	0.738294243832326
NAA10	6.07183338639772e-13	0.785727810761015
NADK	8.9404349139346e-12	0.762880132185681
NAGK	6.92474671933655e-11	0.735859847087527
NARF	1.90677587840177e-09	0.721497536877784
NAT8L	7.56959265466178e-17	0.820603431264258
NBEA	1.40363549228462e-10	0.735093051754439
NCLN	8.41878305915386e-13	0.782799031218908
NCOA3	7.30414919702685e-12	0.769975849939527
NCOA4	1.51599497085749e-08	0.703116234120417
NCOR1	2.13637338934895e-12	0.75563380716887
ND3	1.87783616230393e-09	0.711897498099523
ND4	4.31514719489545e-13	0.765535354264179
ND4L	2.9423205321016e-11	0.747795546195713
NDUFA11	3.36316059753434e-10	0.740478646282099
NDUFA12	7.72674654911149e-11	0.72724495612215
NDUFA13	2.88424097061782e-10	0.740657095481325
NDUFA2	2.24657251083228e-13	0.794250955495204
NDUFA4	2.05281552554115e-12	0.770570606940027
NDUFA8	4.14908400536827e-17	0.831970173472508
NDUFA9	2.74979221774585e-17	0.853750270377654
NDUFAB1	4.65873802808532e-12	0.761920660348047
NDUFAF1	9.74591154988515e-10	0.748381152348487
NDUFAF4	3.26358635847027e-10	0.724255344772528
NDUFB10	6.40808253876408e-10	0.721819117149142
NDUFB11	1.15353395881615e-24	0.883406592594324
NDUFB2	3.63185881911889e-11	0.750049403341487
NDUFB3	1.76225246040268e-10	0.710318575747126
NDUFB5	6.42257820183427e-14	0.817070342655541
NDUFB8	1.35867091731389e-15	0.82465871462213
NDUFB9	2.94648464690784e-10	0.724872477299448
NDUFC1	8.90090118617702e-13	0.771085125841725
NDUFS1	3.83570146298582e-18	0.848193259135732
NDUFS2	1.71825446217142e-10	0.750202106573478
NDUFS3	3.96166491314945e-19	0.856224002781576
NDUFS4	1.87270418231073e-15	0.790108282378845
NDUFS7	6.27698891045801e-10	0.756528241545928
NDUFV1	3.88959218041094e-17	0.832245199602159
NDUFV2	1.09285404716819e-11	0.754028193562987
NEDD9	8.92191068675397e-18	0.835992897064409
NFE2L2	6.20515341723166e-13	0.774104143409465
NHLRC2	1.61088717151658e-09	0.746120184862405
NIPSNAP2	2.10032731810717e-22	0.85564859883622
NME4	5.65174480947714e-13	0.777770005773161
NMT1	9.20961590584166e-11	0.733341091844822
NODAL	2.02131493308644e-09	0.710403022509181
NOL9	6.04079609168533e-11	0.740972963964908
NONO	4.16359570083819e-18	0.832798037095724
NOSIP	1.23255649587536e-11	0.780669700342829
NPTN	5.02710733684738e-13	0.774564425368776
NPY2R	6.54668824842167e-22	0.871490157301266
NQO1	5.44255624070494e-11	0.748014857529461
NR1D2	3.45638830766373e-21	0.856278061191418
NRP2	1.87878970046128e-10	0.711710131268883
NT5E	2.88467041730024e-10	0.731412587975359
NTSR2	1.21234516123515e-14	0.793290554792234
NUDC	3.87017186765779e-18	0.832032790965569
NUDT12	6.98118660875637e-12	0.763460107834678
NUDT16	1.20098000305325e-14	0.797986014613492
OGDH	8.77085311883268e-14	0.785583381737154
OMD	2.5773022154173e-16	0.804501850530717
OPA3	2.10105201120528e-16	0.798828387961144
ORAI1	9.35857896010634e-16	0.801725520030518
OSTM1	7.34915574937761e-10	0.716370997829359
OXCT1	3.56520371152967e-19	0.826561236279671
OXSM	2.45227970967929e-15	0.805446531043523
OXSR1	1.12677190381797e-14	0.816025923400435
P4HB	7.05749717191696e-12	0.765250496221236
PABPC1	3.26119068633395e-18	0.845302046928616
PACSIN3	1.12338787319569e-09	0.727315736839236
PAIP2	1.70777769811314e-11	0.73371648566941
PALMD	2.82254867237368e-09	0.716612134692501
PAM	3.50870872598159e-20	0.845439022420655
PAN3	1.19307214894727e-12	0.79463069233607
PARD3B	4.00662452531122e-12	0.76207923270003
PARK7	9.34942639354658e-10	0.740264311306774
PAXBP1	1.32263450163581e-10	0.755271337425935
PCBD2	1.87975151802352e-25	0.873279946750171
PCCB	2.14225107959994e-23	0.876960625400407
PCGF5	7.08691536628201e-11	0.726845889778878
PCTP	8.63854472704908e-15	0.788066562967923
PCYOX1	2.76528875133616e-15	0.798227569524204
PCYT2	6.10868692298749e-14	0.796979575211405
PDCD6	1.78090069711301e-13	0.787532369102024
PDCL	2.90367624680974e-13	0.781413700983009
PDHA1_LOC113242247	6.39581001268929e-26	0.876927945869324
PDHB	3.90333199888405e-36	0.910901685428221
PDP2	1.06617860599678e-12	0.796830653280975
PDZD2	4.15832497783744e-14	0.776494663530405
PEBP1	2.31340836217703e-14	0.798712365922751
PELI2	3.59352927294185e-13	0.766788911879378
PELI3	3.7699143317424e-32	0.890546937025322
PEPD	1.13947828658808e-10	0.746674469927912
PEX13	3.10953973631798e-21	0.857480244288789
PEX19	5.21228039880823e-16	0.80020004146919
PEX2	2.47425605792485e-12	0.760848211041226
PFKFB1	7.85715995740209e-26	0.883707550910224
PGAM1	7.12765299168924e-29	0.90634621530422
PGD	6.16492109426180e-11	0.77110055935421
PGM1	3.96692325033165e-25	0.880650028033369
PHF1	2.00459512449065e-09	0.70169085381549
PHLDB2	1.05339286570145e-09	0.731403711446944
PICALM	9.40895372322809e-12	0.769070239346218
PIGK	3.27619221825491e-11	0.719334289351428
PIK3C2B	5.81474057038095e-10	0.728434891088413
PIK3R1	3.62288845505466e-10	0.750917942736918
PIN1	3.02745923469536e-13	0.773322707952361
PITHD1	7.41789865462089e-26	0.874994200041505
PKD1L2	2.28497266045588e-08	0.707550190802038
PKD2	6.4424711735412e-13	0.800247118992313
PLA2G15	4.23206523075491e-16	0.806124818576778
PLA2G16	2.01087551617594e-15	0.810113225271362
PLA2R1	1.42845561713449e-12	0.759584241564943
PLIN2	1.62610422272386e-10	0.73504935612753
PLOD1	1.93011006062701e-14	0.797710638174854
PLPP6	6.30660067139815e-11	0.75786093816996
PM20D1	2.2248351048817e-11	0.727385217003257
PMM1	1.92463631438312e-09	0.715699922301239
PMPCB	1.88405600348819e-09	0.712386210136095
PNP	1.76072585131673e-09	0.73129227467296
PNRC2	4.73104401371773e-13	0.770499746343855
POLE4	7.20761534348569e-30	0.893748968813072
POLH	7.429472990994e-09	0.702237213201524
POLR1C	2.65875650881021e-13	0.782021075318368
POLR1D	9.24336986683215e-10	0.72266328192879
POLR2M	6.45570294314421e-31	0.898090798168617
POLR3K	2.31427195472348e-11	0.747188684246196
PON2	4.76181271479187e-11	0.767212923332427
POP5	9.38941782639309e-11	0.720361522080659
PPA1	2.08311209912688e-10	0.713555034361202
PPA2	1.38878477232165e-10	0.715014522079576
PPARG	5.06628450181236e-15	0.777665658724211
PPIA	7.98804931658799e-20	0.840612729313581
PPIC	1.71918628259806e-09	0.723045456321652
PPP1CA	1.5951561717777e-15	0.81559070417169
PPP1R13L	2.12564021186003e-17	0.829123143535747
PPP1R26	9.74602317740099e-09	0.713849227826898
PPP1R3G	2.79474753937111e-11	0.725827296715963
PPP2R5A	1.15647700472016e-09	0.708553959107946
PPP2R5C	9.25014092007637e-13	0.766915793551709
PPP2R5D	2.54189583023977e-08	0.702641115300382
PPT1	3.70948224616006e-14	0.788839875173688
PRDX1	2.31208150054654e-21	0.851961152402586
PRDX3	5.89516296682833e-20	0.846292546692179
PRDX5	6.39743614324712e-35	0.917782140708634
PRDX6	2.84045373377123e-11	0.734241188634161
PRELID1	6.20228216368249e-10	0.754103264305189
PRKAR2B	1.29588771247136e-10	0.743456030538817
PRMT2	1.42091861005875e-13	0.788708519930481
PRPS2	5.42459475111694e-10	0.721942080789268
PRSS42	4.33114300302812e-10	0.714094945041199
PRXL2A	9.67810830475181e-18	0.820462903450435
PSAP	4.70087782327537e-10	0.711342474481383
PSMA3	6.01695581303535e-10	0.714486012186293
PSMA6	2.52974289301671e-10	0.732516077386229
PSMA7	1.52248093978631e-12	0.795303297728819
PSMB3	1.57344012059967e-08	0.715725050748856
PSMB5	1.97377228505715e-17	0.822996609824502
PSMB7	1.75580620405657e-27	0.892405113718837
PSMC4	1.17490295304344e-11	0.751624326612069
PSMD14	3.09492191461475e-08	0.702856500166334
PSME2	4.14428303637211e-10	0.758569882838312
PSPH	5.30655181816255e-13	0.766210226743095
PTCH1	3.7153783207411e-13	0.765373089511383
PTEN	8.34416484908128e-11	0.730962173152532
PTGES2	3.1183565949928e-14	0.804298504058282
PURG	9.60588615682247e-12	0.744516794861235
PXMP2	3.49317781142341e-13	0.780526110036193
PXMP4	6.24757359568265e-37	0.917720608799641
PYGL	2.09502361903021e-20	0.84975491525919
RAB3B	8.72538980991672e-18	0.819446329135159
RABGGTB	1.19343510366627e-13	0.779222726626192
RAC3	1.19117558594724e-09	0.726613159514631
RAD50	2.6109739813879e-10	0.724636212388757
RAMP2_VPS25	7.20269807335851e-11	0.74108079275074
RAN	4.09773761878332e-34	0.903817268242953
RAP1GAP	2.51060416605592e-09	0.718562364415932
RARRES2	6.29859431269583e-12	0.744826481166884
RBP4	5.96391502726117e-13	0.776569810185136
RCC1	1.87953766114504e-10	0.72808827184222
RDH16	1.36999590415398e-17	0.836925622475903
REEP6	9.73518042029742e-16	0.811074661448458
RENBP	1.23898943712248e-09	0.743192015075274
RFT1	1.5062384713911e-09	0.704989360345559
RGN	2.57465143496071e-17	0.816828985428143
RHOB	5.63751990145509e-10	0.72988752750812
RNF19B	1.54621481816645e-09	0.748402623109255
RPL22L1	5.2324698167216e-21	0.848032412806282
RPL26L1	2.80969965206772e-12	0.761707592907389
RPL7L1	3.77858637759797e-14	0.791640899894462
RPN2	1.42891847356675e-33	0.906246841447279
RPS6KB1	3.87116390288456e-08	0.707107993418451
RPUSD4	1.1915764142142e-12	0.760207677210737
RTF1	4.00241366331769e-09	0.705017177354125
RTN3	1.97529938566493e-10	0.730030489033146
RTN4	2.70657305368563e-20	0.846431866333954
RUFY3	2.60887796213067e-09	0.738031620083989
RYR1	6.89091660191601e-16	0.803362331376289
SAAL1	1.35812376997351e-10	0.745067245519216
SAMM50	5.04687468136185e-27	0.886556815926645
SARAF	4.93229669810622e-09	0.702114836952382
SARS2	1.90688173208031e-13	0.81972162646896
SCD	4.2377353813928e-09	0.713211600133723
SCN1B	2.98030439054927e-23	0.870907604459319
SDC4	3.14261401861062e-13	0.769311555427259
SDF4	6.04512938470165e-13	0.774577134518702
SDHA	1.58926627638967e-09	0.7190527861667
SDHB	2.12794149096532e-11	0.743920628714674
SDHC	1.47283547669182e-14	0.810301365916757
SDR9C7_RDH16	7.87327032337488e-08	0.706882364203872
SEC11A	1.67755330493596e-14	0.78840673937349
SEC61A1	1.50609526420231e-10	0.730623053638088
SELENBP1	2.65664820173908e-11	0.76573128011266
SELENOK	1.4386906025146e-09	0.706583061448319
SEMA3B	7.24366632244075e-10	0.71076252717773
SENP8	1.0014453919987e-11	0.719172909970525
SEPT5	6.79760498353285e-51	0.937610537771362
SERBP1	4.6242273669964e-09	0.733674171641033
SERF2	1.31160970362366e-14	0.788973175667144
SERHL2	4.33130411926089e-25	0.866852058202368
SERINC5	1.29992118638283e-10	0.773072830572652
SERP1	4.22799293829514e-10	0.709935254806146
SERPINE2	8.75174929167332e-22	0.851447849527138
SERPINF1	2.64363692025345e-09	0.716953288167132
SERPINH1	1.46056943344202e-35	0.91853799310729
SETD7	9.1151267688517e-15	0.816383011965434
SETX	1.71429338447813e-15	0.801576587229162
SFPQ	3.32881915159301e-10	0.73238619584587
SFSWAP	5.45698956440351e-09	0.712349637870083
SFXN5	1.6795185938086e-09	0.749223702078326
SGCG	8.66379622653001e-13	0.774657865232158
SGK2	2.4862779413632e-18	0.839584413245316
SHC1	9.99054849560146e-12	0.782692384098944
SHLD2	2.18012364922679e-12	0.777512664403123
SHMT2	8.18191343320016e-11	0.785900605157634
SIDT1	1.42537616560949e-11	0.733399044718976
SIGLEC1	1.14387649842892e-17	0.85149786613077
SIGMAR1	8.52735884276173e-16	0.839269841702289
SIPA1L1	1.883527401071e-12	0.769588884182501
SKA2	7.56464278005444e-16	0.798507669139363
SLC12A6	7.81081175697403e-09	0.707506719472797
SLC16A3	2.51022620790157e-10	0.779463314202574
SLC1A5	3.36867583112476e-13	0.790726344922812
SLC25A1	8.70410536316161e-25	0.887641034387999
SLC25A10	2.02092535809094e-19	0.827647293212322
SLC25A11	1.1113015507577e-15	0.816874968107333
SLC25A3	1.10691845395583e-15	0.802364893241241
SLC25A4	4.23018785792276e-11	0.745669662810721
SLC25A43	9.33857981402044e-10	0.745111128574873
SLC25A5	2.48438443665963e-30	0.900846449259107
SLC25A6	8.944381138567e-13	0.778776954992796
SLC2A13	4.16716567186889e-10	0.71923388382098
SLC2A4	8.11988103877501e-10	0.709637166011466
SLC30A1	2.10098885062157e-08	0.713015359476974
SLC4A5	5.04595109710394e-22	0.852948146462842
SLC6A16	2.74312795390147e-13	0.778615727802355
SLC7A3	5.45847930865123e-11	0.731713721610077
SLC8A1	1.20705496812372e-10	0.735830796721298
SMARCD2	1.17374214758862e-10	0.75678968101723
SMARCD3	2.39416671823371e-13	0.811656174005607
SMIM4	2.7260381369834e-14	0.756206930452207
SMIM7	2.7714493000989e-27	0.884593444551845
SMYD4	1.21406095905354e-12	0.796593770055335
SNAI1_RNF114	1.3309522345022e-09	0.722088742785052
SNAP29	1.56319326883671e-14	0.79487711703938
SND1	5.19403273346353e-18	0.830996138670533
SNRPE	9.75579393078068e-10	0.74976290922082
SNTB1	5.11921532264306e-17	0.850256409145561
SNX13	7.04076951547862e-19	0.838625665695783
SNX15	1.251623564366e-09	0.759321253803808
SNX21	9.21058071000831e-12	0.78226315847595
SNX22	7.19222626702837e-12	0.763369055927271
SORL1	1.01414630925343e-12	0.788557060166872
SORT1	4.20779043865466e-11	0.746261340216906
SPACA5	4.19803925142953e-09	0.732198639073694
SPACA9	5.35348673041162e-13	0.778166464686988
SPAG7	4.39541958290408e-25	0.87951109336525
SPARC	5.45212212854626e-39	0.910393727750173
SPECC1L	3.38859525455231e-10	0.755637365783215
SPOP	3.44733995239302e-10	0.719866341353925
SPTBN4	9.44422932901891e-12	0.797344082297236
SPTSSA	1.63306401072413e-14	0.785723895288629
SRSF5	4.04079747442162e-24	0.870632770632438
SS18L2	1.22251744029897e-11	0.769806676628392
STAC3	1.54568124054421e-10	0.741198565179301
STARD4	2.74305440888979e-08	0.719471840672519
STC2	2.10410847974044e-12	0.750124066506658
STRC	7.52670485200837e-11	0.716053223647415
STRN	9.15486364406562e-10	0.713582794937285
SUCLA2	1.33262037863579e-12	0.775244510900593
SUCLG1	6.28371105886944e-12	0.753255241037773
SUMF1	1.85839857664164e-11	0.785167195991722
SUMO2	1.00312234164043e-08	0.711524836976798
SVIL	4.06475405864186e-13	0.7931636548793
TAB3	9.31093575611587e-10	0.707223342937588
TAF9B	3.38376264178283e-12	0.776775610365573
TALDO1	2.79655660369725e-15	0.83268806550054
TBC1D2	2.06671301455193e-21	0.864169608084287
TBC1D20	7.29868426058428e-28	0.884522555770302
TBC1D22A	9.50755724018021e-25	0.872653102732917
TBKBP1	5.26373848004894e-10	0.710354402305288
TBL1X	4.3988871059052e-14	0.789533564012666
TCAIM	3.60124755085927e-09	0.725039895146721
TCEA3	3.75041412916333e-11	0.765609649738671
TCEAL1	2.28301403397365e-13	0.803347001948785
TCFL5	2.26265428235694e-09	0.72787218276084
TCN2	2.16417377190918e-12	0.772502482751019
TCP1	4.82585754483354e-11	0.734416762557586
TCP11L2	3.75175637058711e-08	0.700286042274635
TEAD4	5.50433323541635e-12	0.763005506296977
TECR	4.07044869408865e-28	0.891083410519757
TEN1	2.37887203340964e-12	0.756889276769279
TENM4	7.29954769323343e-17	0.806654815859115
TERF2	3.27544036479876e-09	0.716307732856361
TFG	1.05335103039865e-12	0.772482737434813
TGFB3	3.99066321152181e-11	0.765940562795742
THAP1	1.4468779830446e-11	0.71658918784385
THBS3	4.94355007042136e-12	0.738174219739477
THOC7	4.75753419776405e-09	0.713051652759271
THOP1	1.32553528012586e-15	0.829414305925256
THRSP	3.76704709891402e-09	0.724686627786716
THTPA	3.18427531645472e-12	0.756002606762095
THYN1	7.09119343587649e-10	0.734419352297621
TIMM13	1.08132655248571e-12	0.769437716627133
TKT	1.88286927804549e-34	0.914549121090855
TM7SF2	8.86982979741336e-11	0.719059991080193
TM9SF4	2.62575709135762e-09	0.700643100563096
TMBIM4	9.29382570426636e-12	0.723689362290565
TMEM126A	3.33542440942052e-28	0.889640423747074
TMEM147	1.20577822783889e-12	0.80880441032933
TMEM183A	6.95342578731179e-15	0.802925874538708
TMEM242	1.18388244616872e-11	0.745082775845495
TMEM25	3.02920339278801e-13	0.780872725303893
TMEM259	3.02341603133735e-09	0.71189815926447
TMEM35B	1.95326671994878e-09	0.71415629767226
TMEM50A	1.30829172936715e-09	0.706645049810142
TMEM52	1.35447212459205e-13	0.79229432571147
TMEM54	4.98005056241145e-11	0.750215802579859
TMPRSS5	4.74847856929797e-08	0.70088211363672
TMTC1	4.07400793436977e-10	0.76460646916914
TNFRSF21	1.010768301971e-10	0.777854583373083
TNK2	1.41885062955323e-10	0.739287025717958
TOMM40L	3.78040842741255e-12	0.766965364183246
TOMM6	1.73343042584452e-13	0.780688122427375
TOMM70	2.31013680088545e-16	0.810391824237749
TOR1AIP1	6.27450171194365e-23	0.858680018059545
TOX	3.28078750471806e-18	0.80361981885472
TP53RK	1.62624362686564e-10	0.735080248833418
TPGS1	6.40512348534194e-12	0.751253221099762
TPH1	2.28120087158091e-27	0.881261397835234
TRAF3	5.22408049916101e-10	0.728838089724446
TRAPPC13	8.39097947261108e-11	0.743635802917027
TRIM24	2.53453057204546e-23	0.863437541695821
TRIM72	4.77946461573571e-18	0.838968437882142
TRMO	1.52281114984557e-12	0.768583369840864
TRPM4	2.36943281371411e-12	0.754756514709085
TSNARE1	1.62904538558104e-14	0.8084773533663
TSPAN9	7.46717889551367e-10	0.721149897369479
TSPO	3.2771145634984e-16	0.826153157496248
TSR1	2.32680220188427e-08	0.717067947215562
TST	1.03601222298838e-10	0.707607500592652
TTC36	7.09222395994865e-38	0.910028791114292
TTLL3	8.12471012173739e-13	0.807011822395304
TUBAL3	1.44995322570709e-17	0.851243863379559
TUT4	1.88537733170661e-12	0.77489281574256
TXN2	2.64599752082482e-12	0.767505954403119
TXNDC15	2.27065428012209e-11	0.760594142229383
TYRO3	1.38879763013242e-10	0.739681598273146
UBAP1L	4.44531341327827e-11	0.751607770290403
UBE2A	2.44539994323417e-10	0.731966781375925
UBE2Q1	3.08719041786462e-09	0.703554106933641
UBE4A	1.05127980997408e-08	0.709015810768862
UBL4A	7.60209737863408e-11	0.72913044633547
UBL7	2.07660289733181e-11	0.743577532072031
UBQLN1	4.59741880311265e-09	0.729716908555789
UBR2	4.50651220051776e-08	0.709849190095622
UGGT2	4.38847626088483e-11	0.732540636204111
UIMC1	5.75083848093265e-11	0.748662772866765
UNK	1.34025794059709e-15	0.808010879944943
URM1	9.24104866618618e-10	0.703127807041911
UROD	1.62233474730081e-11	0.784740209579801
USE1	1.07021725621567e-22	0.862726003236292
USP5	3.07390867524382e-10	0.753670640795217
UTP14A	2.74902010623283e-24	0.878359120239084
UTP20	7.67653344482133e-09	0.723893770447153
VASP	3.72578806545023e-10	0.721631210318858
VCP	3.00838422214052e-13	0.781704769613423
VDAC1	2.52514475248433e-31	0.892699721588557
VDAC2	1.12892103924333e-17	0.8210456689214
VEGFD	2.11373387946183e-10	0.758513053949876
VMA21	1.20726245399685e-11	0.755786633037903
VPS13B	5.24312287628305e-11	0.743328886768442
VPS25	1.62022916736004e-08	0.723166640528012
VWA8	1.25109722200013e-23	0.866596260424393
WARS2	1.65692513789366e-10	0.737353892951837
WASHC1	2.42242124050702e-20	0.843676120151269
WBP1L	1.39496758514858e-08	0.721038193634413
WDPCP	5.09492457244468e-20	0.84824852964137
WDR11	1.04005632886669e-10	0.74023199778496
WDR41	1.96897153049372e-11	0.750423344224022
XDH	2.04202970517299e-16	0.835623017298964
XPNPEP2	2.00419959734847e-11	0.752280933942515
XPO6	4.94463530388321e-18	0.830490274984847
YBX1	1.10079705695985e-10	0.732763764990149
YBX3	6.24037186946073e-11	0.76665899792087
YEATS4	5.26106321279028e-10	0.723077288681938
YIF1B	1.0487854699394e-09	0.707618962246118
YIPF4	8.76888271013896e-11	0.723252165319345
YWHAG	2.39209364925477e-09	0.700088859177538
YWHAQ	3.43855712862466e-19	0.856447257834014
ZC2HC1B	9.56185665565852e-12	0.774467910899175
ZC3H6	3.76438728662937e-08	0.709410553493894
ZCCHC8	2.93717928847117e-14	0.794280195519774
ZFP62	9.17585120504206e-09	0.725185533378104
ZFP90	2.32139875256146e-10	0.737491592966562
ZFYVE21	1.84533202997678e-16	0.838345137829168
ZHX1	7.6159856318696e-13	0.789049133037964
ZNF10	1.41394592912952e-09	0.707307774304836
ZNF219	8.96390297219308e-18	0.855337573785277
ZNF292	9.20698384078231e-12	0.754438179235486
ZNF316	1.03729972820612e-10	0.761248656754615
ZNF511	3.38483425314104e-09	0.702142147726787
ZNF594	1.06770531345714e-28	0.891314418921951
ZNF667	2.37567433553804e-12	0.778279897456975
ZNF7	4.45857667618662e-10	0.719694954775666
ZNF784	3.15814236265571e-12	0.765550684628068
ZP1	2.58322304021096e-09	0.7338509133875
novelGene_132	1.20193867040443e-13	0.785604267052927
novelGene_2095	2.33621892673391e-11	0.760914808019927
novelGene_2437	6.69445687393046e-15	0.744709836596657
novelGene_2725	2.90915964340959e-13	0.774817635338695
novelGene_28	3.53722810339062e-14	0.796553611053009
novelGene_2882	9.75569247544156e-20	0.787895203934304
novelGene_353	7.94423849119936e-13	0.759107476601365
novelGene_552	4.75480213332798e-18	0.816742035165123
novelGene_782	7.09991934317272e-15	0.805433854693553
novelGene_84	4.03052756766069e-09	0.715111172832932
novelGene_968	2.00360381818507e-09	0.72123936667171
novelGene_974	2.12841992959441e-08	0.702043031002687
novelGene_CAMK1D_AS	7.97293185475403e-11	0.727046053949802
novelGene_LOC113259900_AS	4.53888581961179e-27	0.869744165663801
novelGene_NAA15_AS	1.26512804792412e-08	0.721787275719497
novelGene_POC1B_AS	4.68603671626807e-10	0.718410527532012
novelGene_PPP3CC_AS	1.29127564520592e-14	0.760945995448811
novelGene_TNS1_AS	7.5915593996006e-22	0.878414627522164
